{
  "id": "4236870",
  "name": "我的字体图标",
  "font_family": "iconfont",
  "css_prefix_text": "icon-",
  "description": "",
  "glyphs": [
    {
      "icon_id": "11372652",
      "name": "定位",
      "font_class": "dingwei",
      "unicode": "e8b2",
      "unicode_decimal": 59570
    },
    {
      "icon_id": "11372653",
      "name": "电筒_关",
      "font_class": "diantong_guan",
      "unicode": "e8b3",
      "unicode_decimal": 59571
    },
    {
      "icon_id": "11372654",
      "name": "电影",
      "font_class": "dianying",
      "unicode": "e8b4",
      "unicode_decimal": 59572
    },
    {
      "icon_id": "11372655",
      "name": "地图",
      "font_class": "ditu",
      "unicode": "e8b5",
      "unicode_decimal": 59573
    },
    {
      "icon_id": "11372656",
      "name": "电筒_开",
      "font_class": "diantong_kai",
      "unicode": "e8b6",
      "unicode_decimal": 59574
    },
    {
      "icon_id": "11372657",
      "name": "电影票",
      "font_class": "dianyingpiao",
      "unicode": "e8b7",
      "unicode_decimal": 59575
    },
    {
      "icon_id": "11372658",
      "name": "订单",
      "font_class": "dingdan",
      "unicode": "e8b8",
      "unicode_decimal": 59576
    },
    {
      "icon_id": "11372660",
      "name": "翻倍",
      "font_class": "fanbei",
      "unicode": "e8b9",
      "unicode_decimal": 59577
    },
    {
      "icon_id": "11372661",
      "name": "发现",
      "font_class": "faxian",
      "unicode": "e8ba",
      "unicode_decimal": 59578
    },
    {
      "icon_id": "11372662",
      "name": "儿童票",
      "font_class": "ertongpiao",
      "unicode": "e8bb",
      "unicode_decimal": 59579
    },
    {
      "icon_id": "11372663",
      "name": "公益",
      "font_class": "gongyi",
      "unicode": "e8bc",
      "unicode_decimal": 59580
    },
    {
      "icon_id": "11372664",
      "name": "红包",
      "font_class": "hongbao",
      "unicode": "e8bd",
      "unicode_decimal": 59581
    },
    {
      "icon_id": "11372665",
      "name": "复制",
      "font_class": "fuzhi",
      "unicode": "e8be",
      "unicode_decimal": 59582
    },
    {
      "icon_id": "11372666",
      "name": "分享",
      "font_class": "fenxiang",
      "unicode": "e8bf",
      "unicode_decimal": 59583
    },
    {
      "icon_id": "11372667",
      "name": "话题符号",
      "font_class": "huatifuhao",
      "unicode": "e8c0",
      "unicode_decimal": 59584
    },
    {
      "icon_id": "11372668",
      "name": "会员",
      "font_class": "huiyuan",
      "unicode": "e8c1",
      "unicode_decimal": 59585
    },
    {
      "icon_id": "11372669",
      "name": "阿里鱼",
      "font_class": "aliyu",
      "unicode": "e8c2",
      "unicode_decimal": 59586
    },
    {
      "icon_id": "11372670",
      "name": "机具",
      "font_class": "jiju",
      "unicode": "e8c3",
      "unicode_decimal": 59587
    },
    {
      "icon_id": "11372671",
      "name": "减少",
      "font_class": "jianshao",
      "unicode": "e8c4",
      "unicode_decimal": 59588
    },
    {
      "icon_id": "11372672",
      "name": "卡包",
      "font_class": "kabao",
      "unicode": "e8c5",
      "unicode_decimal": 59589
    },
    {
      "icon_id": "11372673",
      "name": "话题",
      "font_class": "huati",
      "unicode": "e8c6",
      "unicode_decimal": 59590
    },
    {
      "icon_id": "11372674",
      "name": "关注",
      "font_class": "guanzhu",
      "unicode": "e8c7",
      "unicode_decimal": 59591
    },
    {
      "icon_id": "11372675",
      "name": "买一赠一",
      "font_class": "maiyizengyi",
      "unicode": "e8c8",
      "unicode_decimal": 59592
    },
    {
      "icon_id": "11372676",
      "name": "密码",
      "font_class": "mima",
      "unicode": "e8c9",
      "unicode_decimal": 59593
    },
    {
      "icon_id": "11372677",
      "name": "男",
      "font_class": "nan",
      "unicode": "e8ca",
      "unicode_decimal": 59594
    },
    {
      "icon_id": "11372678",
      "name": "女",
      "font_class": "nv",
      "unicode": "e8cb",
      "unicode_decimal": 59595
    },
    {
      "icon_id": "11372679",
      "name": "礼盒",
      "font_class": "lihe",
      "unicode": "e8cc",
      "unicode_decimal": 59596
    },
    {
      "icon_id": "11372680",
      "name": "排行榜",
      "font_class": "paihangbang",
      "unicode": "e8cd",
      "unicode_decimal": 59597
    },
    {
      "icon_id": "11372681",
      "name": "礼品卡",
      "font_class": "lipinka",
      "unicode": "e8ce",
      "unicode_decimal": 59598
    },
    {
      "icon_id": "11372682",
      "name": "朋友圈",
      "font_class": "pengyouquan",
      "unicode": "e8cf",
      "unicode_decimal": 59599
    },
    {
      "icon_id": "11372683",
      "name": "明星活动",
      "font_class": "mingxinghuodong",
      "unicode": "e8d0",
      "unicode_decimal": 59600
    },
    {
      "icon_id": "11372684",
      "name": "取票",
      "font_class": "qupiao",
      "unicode": "e8d1",
      "unicode_decimal": 59601
    },
    {
      "icon_id": "11372685",
      "name": "扫一扫",
      "font_class": "saoyisao",
      "unicode": "e8d2",
      "unicode_decimal": 59602
    },
    {
      "icon_id": "11372686",
      "name": "日历",
      "font_class": "rili",
      "unicode": "e8d3",
      "unicode_decimal": 59603
    },
    {
      "icon_id": "11372687",
      "name": "评论",
      "font_class": "pinglun",
      "unicode": "e8d4",
      "unicode_decimal": 59604
    },
    {
      "icon_id": "11372688",
      "name": "轻会员",
      "font_class": "qinghuiyuan",
      "unicode": "e8d5",
      "unicode_decimal": 59605
    },
    {
      "icon_id": "11372689",
      "name": "日签",
      "font_class": "riqian",
      "unicode": "e8d6",
      "unicode_decimal": 59606
    },
    {
      "icon_id": "11372690",
      "name": "闪电",
      "font_class": "shandian",
      "unicode": "e8d7",
      "unicode_decimal": 59607
    },
    {
      "icon_id": "11372691",
      "name": "筛选",
      "font_class": "shaixuan",
      "unicode": "e8d8",
      "unicode_decimal": 59608
    },
    {
      "icon_id": "11372692",
      "name": "商圈",
      "font_class": "shangquan",
      "unicode": "e8d9",
      "unicode_decimal": 59609
    },
    {
      "icon_id": "11372693",
      "name": "删除",
      "font_class": "shanchu",
      "unicode": "e8da",
      "unicode_decimal": 59610
    },
    {
      "icon_id": "11372694",
      "name": "设置",
      "font_class": "shezhi1",
      "unicode": "e8db",
      "unicode_decimal": 59611
    },
    {
      "icon_id": "11372695",
      "name": "上传",
      "font_class": "shangchuan",
      "unicode": "e8dc",
      "unicode_decimal": 59612
    },
    {
      "icon_id": "11372696",
      "name": "社区",
      "font_class": "shequ",
      "unicode": "e8dd",
      "unicode_decimal": 59613
    },
    {
      "icon_id": "11372697",
      "name": "声音关闭",
      "font_class": "shengyinguanbi",
      "unicode": "e8de",
      "unicode_decimal": 59614
    },
    {
      "icon_id": "11372698",
      "name": "失败",
      "font_class": "shibai",
      "unicode": "e8df",
      "unicode_decimal": 59615
    },
    {
      "icon_id": "11372699",
      "name": "时间",
      "font_class": "shijian",
      "unicode": "e8e0",
      "unicode_decimal": 59616
    },
    {
      "icon_id": "11372700",
      "name": "声音",
      "font_class": "shengyin",
      "unicode": "e8e1",
      "unicode_decimal": 59617
    },
    {
      "icon_id": "11372701",
      "name": "收藏",
      "font_class": "shoucang",
      "unicode": "e8e2",
      "unicode_decimal": 59618
    },
    {
      "icon_id": "11372711",
      "name": "图片",
      "font_class": "tupian",
      "unicode": "e8e3",
      "unicode_decimal": 59619
    },
    {
      "icon_id": "11372712",
      "name": "退票",
      "font_class": "tuipiao",
      "unicode": "e8e4",
      "unicode_decimal": 59620
    },
    {
      "icon_id": "11372713",
      "name": "未选中",
      "font_class": "weixuanzhong",
      "unicode": "e8e5",
      "unicode_decimal": 59621
    },
    {
      "icon_id": "11372714",
      "name": "微博",
      "font_class": "weibo",
      "unicode": "e8e6",
      "unicode_decimal": 59622
    },
    {
      "icon_id": "11372715",
      "name": "问卷",
      "font_class": "wenjuan",
      "unicode": "e8e7",
      "unicode_decimal": 59623
    },
    {
      "icon_id": "11372716",
      "name": "我的",
      "font_class": "wode",
      "unicode": "e8e8",
      "unicode_decimal": 59624
    },
    {
      "icon_id": "11372717",
      "name": "微信",
      "font_class": "weixin",
      "unicode": "e8e9",
      "unicode_decimal": 59625
    },
    {
      "icon_id": "11372718",
      "name": "我的关注",
      "font_class": "wodeguanzhu",
      "unicode": "e8ea",
      "unicode_decimal": 59626
    },
    {
      "icon_id": "11372719",
      "name": "虾米",
      "font_class": "xiami",
      "unicode": "e8eb",
      "unicode_decimal": 59627
    },
    {
      "icon_id": "11372720",
      "name": "想看",
      "font_class": "xiangkan",
      "unicode": "e8ec",
      "unicode_decimal": 59628
    },
    {
      "icon_id": "11372721",
      "name": "相机",
      "font_class": "xiangji",
      "unicode": "e8ed",
      "unicode_decimal": 59629
    },
    {
      "icon_id": "11372722",
      "name": "消息",
      "font_class": "xiaoxi",
      "unicode": "e8ee",
      "unicode_decimal": 59630
    },
    {
      "icon_id": "11372723",
      "name": "下载",
      "font_class": "xiazai",
      "unicode": "e8ef",
      "unicode_decimal": 59631
    },
    {
      "icon_id": "11372724",
      "name": "小聚场",
      "font_class": "xiaojuchang",
      "unicode": "e8f0",
      "unicode_decimal": 59632
    },
    {
      "icon_id": "11372725",
      "name": "小食",
      "font_class": "xiaoshi",
      "unicode": "e8f1",
      "unicode_decimal": 59633
    },
    {
      "icon_id": "11372726",
      "name": "消息中心",
      "font_class": "xiaoxizhongxin",
      "unicode": "e8f2",
      "unicode_decimal": 59634
    },
    {
      "icon_id": "11372727",
      "name": "银行卡",
      "font_class": "yinhangka",
      "unicode": "e8f3",
      "unicode_decimal": 59635
    },
    {
      "icon_id": "11372728",
      "name": "眼睛",
      "font_class": "yanjing2",
      "unicode": "e8f4",
      "unicode_decimal": 59636
    },
    {
      "icon_id": "11372729",
      "name": "影城卡",
      "font_class": "yingchengka",
      "unicode": "e8f5",
      "unicode_decimal": 59637
    },
    {
      "icon_id": "11372730",
      "name": "已想看",
      "font_class": "yixiangkan",
      "unicode": "e8f6",
      "unicode_decimal": 59638
    },
    {
      "icon_id": "11372731",
      "name": "影评模板",
      "font_class": "yingpingmoban",
      "unicode": "e8f7",
      "unicode_decimal": 59639
    },
    {
      "icon_id": "11372732",
      "name": "演出",
      "font_class": "yanchu",
      "unicode": "e8f8",
      "unicode_decimal": 59640
    },
    {
      "icon_id": "11372733",
      "name": "小蜜",
      "font_class": "xiaomi",
      "unicode": "e8f9",
      "unicode_decimal": 59641
    },
    {
      "icon_id": "11372734",
      "name": "影院",
      "font_class": "yingyuan",
      "unicode": "e8fa",
      "unicode_decimal": 59642
    },
    {
      "icon_id": "11372735",
      "name": "增加",
      "font_class": "zengjia",
      "unicode": "e8fb",
      "unicode_decimal": 59643
    },
    {
      "icon_id": "11372736",
      "name": "语音",
      "font_class": "yuyin",
      "unicode": "e8fc",
      "unicode_decimal": 59644
    },
    {
      "icon_id": "11372737",
      "name": "优惠券",
      "font_class": "youhuiquan",
      "unicode": "e8fd",
      "unicode_decimal": 59645
    },
    {
      "icon_id": "11372738",
      "name": "WIFI",
      "font_class": "WIFI",
      "unicode": "e8fe",
      "unicode_decimal": 59646
    },
    {
      "icon_id": "11372739",
      "name": "直播",
      "font_class": "zhibo",
      "unicode": "e8ff",
      "unicode_decimal": 59647
    },
    {
      "icon_id": "11372741",
      "name": "娱乐宝",
      "font_class": "yulebao",
      "unicode": "e900",
      "unicode_decimal": 59648
    },
    {
      "icon_id": "11372742",
      "name": "指纹",
      "font_class": "zhiwen",
      "unicode": "e901",
      "unicode_decimal": 59649
    },
    {
      "icon_id": "11372756",
      "name": "爱心",
      "font_class": "aixin1",
      "unicode": "e902",
      "unicode_decimal": 59650
    },
    {
      "icon_id": "11372757",
      "name": "成功",
      "font_class": "chenggong1",
      "unicode": "e903",
      "unicode_decimal": 59651
    },
    {
      "icon_id": "11372758",
      "name": "点赞",
      "font_class": "dianzan1",
      "unicode": "e904",
      "unicode_decimal": 59652
    },
    {
      "icon_id": "11372759",
      "name": "电话",
      "font_class": "dianhua1",
      "unicode": "e905",
      "unicode_decimal": 59653
    },
    {
      "icon_id": "11372762",
      "name": "发现",
      "font_class": "faxian1",
      "unicode": "e906",
      "unicode_decimal": 59654
    },
    {
      "icon_id": "11372763",
      "name": "定位",
      "font_class": "dingwei1",
      "unicode": "e907",
      "unicode_decimal": 59655
    },
    {
      "icon_id": "11372764",
      "name": "公告",
      "font_class": "gonggao",
      "unicode": "e908",
      "unicode_decimal": 59656
    },
    {
      "icon_id": "11372765",
      "name": "话题",
      "font_class": "huati1",
      "unicode": "e909",
      "unicode_decimal": 59657
    },
    {
      "icon_id": "11372766",
      "name": "减少",
      "font_class": "jianshao1",
      "unicode": "e90a",
      "unicode_decimal": 59658
    },
    {
      "icon_id": "11372767",
      "name": "会员",
      "font_class": "huiyuan1",
      "unicode": "e90b",
      "unicode_decimal": 59659
    },
    {
      "icon_id": "11372768",
      "name": "评论",
      "font_class": "pinglun1",
      "unicode": "e90c",
      "unicode_decimal": 59660
    },
    {
      "icon_id": "11372775",
      "name": "手机",
      "font_class": "shouji",
      "unicode": "e90d",
      "unicode_decimal": 59661
    },
    {
      "icon_id": "11372777",
      "name": "收藏",
      "font_class": "shoucang1",
      "unicode": "e90e",
      "unicode_decimal": 59662
    },
    {
      "icon_id": "11372778",
      "name": "数据",
      "font_class": "shuju",
      "unicode": "e90f",
      "unicode_decimal": 59663
    },
    {
      "icon_id": "11372779",
      "name": "问答",
      "font_class": "wenda",
      "unicode": "e910",
      "unicode_decimal": 59664
    },
    {
      "icon_id": "11372780",
      "name": "眼睛",
      "font_class": "yanjing3",
      "unicode": "e911",
      "unicode_decimal": 59665
    },
    {
      "icon_id": "11372781",
      "name": "影城卡",
      "font_class": "yingchengka1",
      "unicode": "e912",
      "unicode_decimal": 59666
    },
    {
      "icon_id": "11372782",
      "name": "相机",
      "font_class": "xiangji1",
      "unicode": "e913",
      "unicode_decimal": 59667
    },
    {
      "icon_id": "11372783",
      "name": "影院",
      "font_class": "yingyuan1",
      "unicode": "e914",
      "unicode_decimal": 59668
    },
    {
      "icon_id": "11372784",
      "name": "银行优惠",
      "font_class": "yinhangyouhui",
      "unicode": "e915",
      "unicode_decimal": 59669
    },
    {
      "icon_id": "11372785",
      "name": "小食",
      "font_class": "xiaoshi1",
      "unicode": "e916",
      "unicode_decimal": 59670
    },
    {
      "icon_id": "11372786",
      "name": "演出",
      "font_class": "yanchu1",
      "unicode": "e917",
      "unicode_decimal": 59671
    },
    {
      "icon_id": "11372787",
      "name": "增加",
      "font_class": "zengjia1",
      "unicode": "e918",
      "unicode_decimal": 59672
    },
    {
      "icon_id": "11372788",
      "name": "电影",
      "font_class": "dianying1",
      "unicode": "e919",
      "unicode_decimal": 59673
    },
    {
      "icon_id": "11372789",
      "name": "优惠券",
      "font_class": "youhuiquan1",
      "unicode": "e91a",
      "unicode_decimal": 59674
    },
    {
      "icon_id": "11372790",
      "name": "热门",
      "font_class": "remen",
      "unicode": "e91b",
      "unicode_decimal": 59675
    },
    {
      "icon_id": "11372791",
      "name": "创作",
      "font_class": "chuangzuo",
      "unicode": "e91c",
      "unicode_decimal": 59676
    },
    {
      "icon_id": "33986993",
      "name": "举报",
      "font_class": "jubao",
      "unicode": "e61d",
      "unicode_decimal": 58909
    },
    {
      "icon_id": "33986995",
      "name": "安全保障",
      "font_class": "anquanbaozhang",
      "unicode": "e61e",
      "unicode_decimal": 58910
    },
    {
      "icon_id": "33986996",
      "name": "消息-置灰",
      "font_class": "xiaoxi-zhihui",
      "unicode": "e620",
      "unicode_decimal": 58912
    },
    {
      "icon_id": "33986997",
      "name": "喜欢",
      "font_class": "xihuan",
      "unicode": "e621",
      "unicode_decimal": 58913
    },
    {
      "icon_id": "33986998",
      "name": "更多",
      "font_class": "gengduo",
      "unicode": "e622",
      "unicode_decimal": 58914
    },
    {
      "icon_id": "33986999",
      "name": "首页-置灰",
      "font_class": "shouye-zhihui",
      "unicode": "e623",
      "unicode_decimal": 58915
    },
    {
      "icon_id": "33987000",
      "name": "个人中心-置灰",
      "font_class": "gerenzhongxin-zhihui",
      "unicode": "e625",
      "unicode_decimal": 58917
    },
    {
      "icon_id": "33987001",
      "name": "看点-置灰",
      "font_class": "kandian-zhihui",
      "unicode": "e626",
      "unicode_decimal": 58918
    },
    {
      "icon_id": "33987002",
      "name": "返回",
      "font_class": "fanhui",
      "unicode": "e627",
      "unicode_decimal": 58919
    },
    {
      "icon_id": "33987003",
      "name": "快捷支付",
      "font_class": "kuaijiezhifu",
      "unicode": "e628",
      "unicode_decimal": 58920
    },
    {
      "icon_id": "33987004",
      "name": "支付订金",
      "font_class": "zhifudingjin",
      "unicode": "e629",
      "unicode_decimal": 58921
    },
    {
      "icon_id": "33987005",
      "name": "开通服务",
      "font_class": "kaitongfuwu",
      "unicode": "e62b",
      "unicode_decimal": 58923
    },
    {
      "icon_id": "33987006",
      "name": "签署协议",
      "font_class": "qianshuxieyi",
      "unicode": "e62c",
      "unicode_decimal": 58924
    },
    {
      "icon_id": "33987007",
      "name": "店铺",
      "font_class": "dianpu",
      "unicode": "e62d",
      "unicode_decimal": 58925
    },
    {
      "icon_id": "33987008",
      "name": "关注-置灰",
      "font_class": "guanzhu-zhihui",
      "unicode": "e62e",
      "unicode_decimal": 58926
    },
    {
      "icon_id": "33987009",
      "name": "提交验资",
      "font_class": "tijiaoyanzi",
      "unicode": "e62f",
      "unicode_decimal": 58927
    },
    {
      "icon_id": "33987010",
      "name": "定位 2",
      "font_class": "a-dingwei2",
      "unicode": "e630",
      "unicode_decimal": 58928
    },
    {
      "icon_id": "33987011",
      "name": "转入资金",
      "font_class": "zhuanruzijin",
      "unicode": "e631",
      "unicode_decimal": 58929
    },
    {
      "icon_id": "33987012",
      "name": "验资完成",
      "font_class": "yanziwancheng",
      "unicode": "e632",
      "unicode_decimal": 58930
    },
    {
      "icon_id": "33987013",
      "name": "关闭",
      "font_class": "guanbi",
      "unicode": "e633",
      "unicode_decimal": 58931
    },
    {
      "icon_id": "33987014",
      "name": "分享",
      "font_class": "fenxiang1",
      "unicode": "e634",
      "unicode_decimal": 58932
    },
    {
      "icon_id": "33987015",
      "name": "在线验资",
      "font_class": "zaixianyanzi",
      "unicode": "e635",
      "unicode_decimal": 58933
    },
    {
      "icon_id": "33987016",
      "name": "上传图片",
      "font_class": "shangchuantupian",
      "unicode": "e637",
      "unicode_decimal": 58935
    },
    {
      "icon_id": "33987017",
      "name": "定位",
      "font_class": "dingwei2",
      "unicode": "e638",
      "unicode_decimal": 58936
    },
    {
      "icon_id": "33987018",
      "name": "在线选房",
      "font_class": "zaixianxuanfang",
      "unicode": "e639",
      "unicode_decimal": 58937
    },
    {
      "icon_id": "33987019",
      "name": "填选购人",
      "font_class": "tianxuangouren",
      "unicode": "e63b",
      "unicode_decimal": 58939
    },
    {
      "icon_id": "33987020",
      "name": "分享 2",
      "font_class": "a-fenxiang2",
      "unicode": "e63c",
      "unicode_decimal": 58940
    },
    {
      "icon_id": "33987162",
      "name": "保护号码",
      "font_class": "baohuhaoma",
      "unicode": "e63d",
      "unicode_decimal": 58941
    },
    {
      "icon_id": "33987164",
      "name": "下拉",
      "font_class": "a-xiala2",
      "unicode": "e63e",
      "unicode_decimal": 58942
    },
    {
      "icon_id": "33987165",
      "name": "专属顾问",
      "font_class": "zhuanshuguwen",
      "unicode": "e63f",
      "unicode_decimal": 58943
    },
    {
      "icon_id": "33987167",
      "name": "编辑",
      "font_class": "bianji",
      "unicode": "e640",
      "unicode_decimal": 58944
    },
    {
      "icon_id": "33987169",
      "name": "进入",
      "font_class": "jinru",
      "unicode": "e641",
      "unicode_decimal": 58945
    },
    {
      "icon_id": "33987170",
      "name": "下拉",
      "font_class": "xiala2",
      "unicode": "e643",
      "unicode_decimal": 58947
    },
    {
      "icon_id": "33987171",
      "name": "提示",
      "font_class": "tishi",
      "unicode": "e644",
      "unicode_decimal": 58948
    },
    {
      "icon_id": "33997648",
      "name": "床",
      "font_class": "chuang",
      "unicode": "e645",
      "unicode_decimal": 58949
    },
    {
      "icon_id": "33997752",
      "name": "停车场",
      "font_class": "tingchechang",
      "unicode": "e646",
      "unicode_decimal": 58950
    },
    {
      "icon_id": "33997753",
      "name": "休息室",
      "font_class": "xiuxishi",
      "unicode": "e647",
      "unicode_decimal": 58951
    },
    {
      "icon_id": "33997754",
      "name": "衣柜",
      "font_class": "yigui",
      "unicode": "e648",
      "unicode_decimal": 58952
    },
    {
      "icon_id": "33997755",
      "name": "休闲区",
      "font_class": "xiuxianqu",
      "unicode": "e649",
      "unicode_decimal": 58953
    },
    {
      "icon_id": "33997756",
      "name": "书桌",
      "font_class": "shuzhuo",
      "unicode": "e64a",
      "unicode_decimal": 58954
    },
    {
      "icon_id": "33997757",
      "name": "智能门锁",
      "font_class": "zhinengmensuo",
      "unicode": "e64b",
      "unicode_decimal": 58955
    },
    {
      "icon_id": "33997758",
      "name": "宽带",
      "font_class": "kuandai",
      "unicode": "e64c",
      "unicode_decimal": 58956
    },
    {
      "icon_id": "33997759",
      "name": "前台",
      "font_class": "qiantai",
      "unicode": "e64d",
      "unicode_decimal": 58957
    },
    {
      "icon_id": "33997760",
      "name": "书吧",
      "font_class": "shuba",
      "unicode": "e64f",
      "unicode_decimal": 58959
    },
    {
      "icon_id": "33997761",
      "name": "洗衣房",
      "font_class": "xiyifang",
      "unicode": "e650",
      "unicode_decimal": 58960
    },
    {
      "icon_id": "33997762",
      "name": "空中花园",
      "font_class": "kongzhonghuayuan",
      "unicode": "e651",
      "unicode_decimal": 58961
    },
    {
      "icon_id": "33997763",
      "name": "电视机",
      "font_class": "dianshiji",
      "unicode": "e652",
      "unicode_decimal": 58962
    },
    {
      "icon_id": "33997764",
      "name": "微波炉",
      "font_class": "weibolu",
      "unicode": "e653",
      "unicode_decimal": 58963
    },
    {
      "icon_id": "33997765",
      "name": "电梯",
      "font_class": "dianti",
      "unicode": "e654",
      "unicode_decimal": 58964
    },
    {
      "icon_id": "33997766",
      "name": "天然气",
      "font_class": "tianranqi",
      "unicode": "e655",
      "unicode_decimal": 58965
    },
    {
      "icon_id": "33997767",
      "name": "电磁炉",
      "font_class": "diancilu",
      "unicode": "e656",
      "unicode_decimal": 58966
    },
    {
      "icon_id": "33997768",
      "name": "热水器",
      "font_class": "reshuiqi",
      "unicode": "e657",
      "unicode_decimal": 58967
    },
    {
      "icon_id": "33997769",
      "name": "安全监控",
      "font_class": "anquanjiankong",
      "unicode": "e658",
      "unicode_decimal": 58968
    },
    {
      "icon_id": "33997770",
      "name": "DIY餐吧",
      "font_class": "DIYcanba",
      "unicode": "e659",
      "unicode_decimal": 58969
    },
    {
      "icon_id": "33997779",
      "name": "沙发",
      "font_class": "shafa",
      "unicode": "e65a",
      "unicode_decimal": 58970
    },
    {
      "icon_id": "33997780",
      "name": "健身房",
      "font_class": "jianshenfang",
      "unicode": "e65b",
      "unicode_decimal": 58971
    },
    {
      "icon_id": "33997781",
      "name": "便利店",
      "font_class": "bianlidian",
      "unicode": "e65d",
      "unicode_decimal": 58973
    },
    {
      "icon_id": "33997782",
      "name": "会客区",
      "font_class": "huikequ",
      "unicode": "e65e",
      "unicode_decimal": 58974
    },
    {
      "icon_id": "33997783",
      "name": "24H安保",
      "font_class": "a-24Hanbao",
      "unicode": "e65f",
      "unicode_decimal": 58975
    },
    {
      "icon_id": "33997784",
      "name": "社区活动",
      "font_class": "shequhuodong",
      "unicode": "e660",
      "unicode_decimal": 58976
    },
    {
      "icon_id": "33997785",
      "name": "冰箱",
      "font_class": "bingxiang",
      "unicode": "e661",
      "unicode_decimal": 58977
    },
    {
      "icon_id": "33997786",
      "name": "洗衣机",
      "font_class": "xiyiji",
      "unicode": "e662",
      "unicode_decimal": 58978
    },
    {
      "icon_id": "11372639",
      "name": "爱心",
      "font_class": "aixin",
      "unicode": "e8ab",
      "unicode_decimal": 59563
    },
    {
      "icon_id": "11372641",
      "name": "3D眼镜",
      "font_class": "Dyanjing",
      "unicode": "e8ac",
      "unicode_decimal": 59564
    },
    {
      "icon_id": "11372642",
      "name": "彩蛋",
      "font_class": "caidan",
      "unicode": "e8ad",
      "unicode_decimal": 59565
    },
    {
      "icon_id": "11372648",
      "name": "成功",
      "font_class": "chenggong",
      "unicode": "e8ae",
      "unicode_decimal": 59566
    },
    {
      "icon_id": "11372649",
      "name": "测试",
      "font_class": "ceshi",
      "unicode": "e8af",
      "unicode_decimal": 59567
    },
    {
      "icon_id": "11372650",
      "name": "电话",
      "font_class": "dianhua",
      "unicode": "e8b0",
      "unicode_decimal": 59568
    },
    {
      "icon_id": "11372651",
      "name": "点赞",
      "font_class": "dianzan",
      "unicode": "e8b1",
      "unicode_decimal": 59569
    },
    {
      "icon_id": "792377",
      "name": "kulian-哭脸",
      "font_class": "kuliankulian",
      "unicode": "e6c0",
      "unicode_decimal": 59072
    },
    {
      "icon_id": "5388069",
      "name": "眼睛_显示_o",
      "font_class": "yanjing_xianshi_o",
      "unicode": "ebcc",
      "unicode_decimal": 60364
    },
    {
      "icon_id": "5388071",
      "name": "眼睛_隐藏_o",
      "font_class": "yanjing_yincang_o",
      "unicode": "ebcd",
      "unicode_decimal": 60365
    },
    {
      "icon_id": "8361844",
      "name": "眼睛3",
      "font_class": "yanjing",
      "unicode": "e6cf",
      "unicode_decimal": 59087
    },
    {
      "icon_id": "8361853",
      "name": "眼睛1",
      "font_class": "yanjing1",
      "unicode": "e6d0",
      "unicode_decimal": 59088
    },
    {
      "icon_id": "418680",
      "name": "登录时密码",
      "font_class": "denglushimima",
      "unicode": "e642",
      "unicode_decimal": 58946
    },
    {
      "icon_id": "826948",
      "name": "登录",
      "font_class": "denglu-copy",
      "unicode": "e63a",
      "unicode_decimal": 58938
    },
    {
      "icon_id": "1834441",
      "name": "ico_登录管理",
      "font_class": "ico_dengluguanli",
      "unicode": "e619",
      "unicode_decimal": 58905
    },
    {
      "icon_id": "7336777",
      "name": "登录密码",
      "font_class": "denglumima",
      "unicode": "e665",
      "unicode_decimal": 58981
    },
    {
      "icon_id": "7863913",
      "name": "shinshop 退出登录",
      "font_class": "shinshoptuichudenglu",
      "unicode": "e62a",
      "unicode_decimal": 58922
    },
    {
      "icon_id": "8035678",
      "name": "登录密码-01",
      "font_class": "denglumima-",
      "unicode": "e608",
      "unicode_decimal": 58888
    },
    {
      "icon_id": "10611841",
      "name": "登录-密码",
      "font_class": "denglu-mima",
      "unicode": "e668",
      "unicode_decimal": 58984
    },
    {
      "icon_id": "16616080",
      "name": "退出登录",
      "font_class": "tuichudenglu",
      "unicode": "e61f",
      "unicode_decimal": 58911
    },
    {
      "icon_id": "25447637",
      "name": "合_32登录日志",
      "font_class": "he_32denglurizhi",
      "unicode": "e70d",
      "unicode_decimal": 59149
    },
    {
      "icon_id": "36534261",
      "name": "登录",
      "font_class": "denglu",
      "unicode": "e624",
      "unicode_decimal": 58916
    },
    {
      "icon_id": "1505843",
      "name": "房子",
      "font_class": "icon-test",
      "unicode": "e604",
      "unicode_decimal": 58884
    },
    {
      "icon_id": "37301883",
      "name": "房子-copy",
      "font_class": "icon-test-copy",
      "unicode": "eb8f",
      "unicode_decimal": 60303
    },
    {
      "icon_id": "1228",
      "name": "首页",
      "font_class": "shouye",
      "unicode": "e600",
      "unicode_decimal": 58880
    },
    {
      "icon_id": "18170149",
      "name": "首页,屋子,主页,房子",
      "font_class": "home",
      "unicode": "e973",
      "unicode_decimal": 59763
    },
    {
      "icon_id": "3702928",
      "name": "请购分类统计",
      "font_class": "navicon-qgfltj",
      "unicode": "e64e",
      "unicode_decimal": 58958
    },
    {
      "icon_id": "5387910",
      "name": "箭头_列表向右_o",
      "font_class": "jiantou_liebiaoxiangyou_o",
      "unicode": "eb8a",
      "unicode_decimal": 60298
    },
    {
      "icon_id": "5387920",
      "name": "箭头_列表向左_o",
      "font_class": "jiantou_liebiaoxiangzuo_o",
      "unicode": "eb8e",
      "unicode_decimal": 60302
    },
    {
      "icon_id": "630083",
      "name": "下拉",
      "font_class": "xiala",
      "unicode": "e65c",
      "unicode_decimal": 58972
    },
    {
      "icon_id": "12593050",
      "name": "下拉",
      "font_class": "xiala1",
      "unicode": "e74e",
      "unicode_decimal": 59214
    },
    {
      "icon_id": "20431861",
      "name": "设置",
      "font_class": "shezhi",
      "unicode": "e636",
      "unicode_decimal": 58934
    },
    {
      "icon_id": "37147523",
      "name": "left-outlined",
      "font_class": "left-outlined",
      "unicode": "e616",
      "unicode_decimal": 58902
    },
    {
      "icon_id": "37147524",
      "name": "right-outlined",
      "font_class": "right-outlined",
      "unicode": "e617",
      "unicode_decimal": 58903
    }
  ]
}
